{
    "ND": 0.0633715819619911,
    "RMSE": 0.45232980616666113,
    "test_loss": 5.224986553192139
}